text,disease,cause,symptoms,prevention
Tomato leaves showing yellowing edges and falling leaves,Bacterial spot,Fungal,yellowing edges and falling leaves,improve airflow
Tomato leaves showing yellowing edges and falling leaves,Bacterial spot,Fungal,yellowing edges and falling leaves,remove infected leaves
why does my Tomato have yellowing edges and falling leaves,Bacterial spot,Fungal,yellowing edges and falling leaves,remove infected leaves
Tomato leaves showing yellowing edges and falling leaves,Bacterial spot,Fungal,yellowing edges and falling leaves,remove infected leaves
Tomato leaves showing brown lesions on leaves,Bacterial spot,Fungal,brown lesions on leaves,improve airflow
my Tomato has white powder on leaves,Bacterial spot,Fungal,white powder on leaves,improve airflow
there is brown lesions on leaves on my Tomato,Bacterial spot,Fungal,brown lesions on leaves,improve airflow
there is black spots forming on foliage on my Tomato,Bacterial spot,Fungal,black spots forming on foliage,improve airflow
my Tomato has black spots forming on foliage,Bacterial spot,Fungal,black spots forming on foliage,remove infected leaves
my Tomato has black spots forming on foliage,Bacterial spot,Fungal,black spots forming on foliage,remove infected leaves
there is brown lesions on leaves on my Tomato,Early blight,Fungal,brown lesions on leaves,remove infected leaves
why does my Tomato have yellowing edges and falling leaves,Early blight,Fungal,yellowing edges and falling leaves,improve airflow
there is brown lesions on leaves on my Tomato,Early blight,Fungal,brown lesions on leaves,apply fungicide
there is black spots forming on foliage on my Tomato,Early blight,Fungal,black spots forming on foliage,improve airflow
my Tomato has brown lesions on leaves,Early blight,Fungal,brown lesions on leaves,apply fungicide
there is brown lesions on leaves on my Tomato,Early blight,Fungal,brown lesions on leaves,remove infected leaves
why does my Tomato have black spots forming on foliage,Early blight,Fungal,black spots forming on foliage,improve airflow
my Tomato has brown lesions on leaves,Early blight,Fungal,brown lesions on leaves,remove infected leaves
my Tomato has brown lesions on leaves,Early blight,Fungal,brown lesions on leaves,apply fungicide
why does my Tomato have black spots forming on foliage,Early blight,Fungal,black spots forming on foliage,apply fungicide
Tomato leaves showing brown lesions on leaves,Late blight,Fungal,brown lesions on leaves,improve airflow
my Tomato has yellowing edges and falling leaves,Late blight,Fungal,yellowing edges and falling leaves,remove infected leaves
why does my Tomato have black spots forming on foliage,Late blight,Fungal,black spots forming on foliage,remove infected leaves
why does my Tomato have yellowing edges and falling leaves,Late blight,Fungal,yellowing edges and falling leaves,apply fungicide
Tomato leaves showing brown lesions on leaves,Late blight,Fungal,brown lesions on leaves,remove infected leaves
Tomato leaves showing white powder on leaves,Late blight,Fungal,white powder on leaves,apply fungicide
why does my Tomato have white powder on leaves,Late blight,Fungal,white powder on leaves,remove infected leaves
there is brown lesions on leaves on my Tomato,Late blight,Fungal,brown lesions on leaves,improve airflow
Tomato leaves showing brown lesions on leaves,Late blight,Fungal,brown lesions on leaves,apply fungicide
Tomato leaves showing black spots forming on foliage,Late blight,Fungal,black spots forming on foliage,apply fungicide
Tomato leaves showing brown lesions on leaves,Leaf Mold,Fungal,brown lesions on leaves,remove infected leaves
why does my Tomato have white powder on leaves,Leaf Mold,Fungal,white powder on leaves,apply fungicide
there is yellowing edges and falling leaves on my Tomato,Leaf Mold,Fungal,yellowing edges and falling leaves,improve airflow
my Tomato has brown lesions on leaves,Leaf Mold,Fungal,brown lesions on leaves,apply fungicide
Tomato leaves showing brown lesions on leaves,Leaf Mold,Fungal,brown lesions on leaves,remove infected leaves
my Tomato has white powder on leaves,Leaf Mold,Fungal,white powder on leaves,apply fungicide
why does my Tomato have black spots forming on foliage,Leaf Mold,Fungal,black spots forming on foliage,remove infected leaves
my Tomato has brown lesions on leaves,Leaf Mold,Fungal,brown lesions on leaves,improve airflow
there is white powder on leaves on my Tomato,Leaf Mold,Fungal,white powder on leaves,improve airflow
my Tomato has black spots forming on foliage,Leaf Mold,Fungal,black spots forming on foliage,remove infected leaves
why does my Tomato have white powder on leaves,Septoria leaf spot,Fungal,white powder on leaves,improve airflow
why does my Tomato have yellowing edges and falling leaves,Septoria leaf spot,Fungal,yellowing edges and falling leaves,apply fungicide
there is brown lesions on leaves on my Tomato,Septoria leaf spot,Fungal,brown lesions on leaves,improve airflow
my Tomato has yellowing edges and falling leaves,Septoria leaf spot,Fungal,yellowing edges and falling leaves,apply fungicide
Tomato leaves showing black spots forming on foliage,Septoria leaf spot,Fungal,black spots forming on foliage,remove infected leaves
my Tomato has white powder on leaves,Septoria leaf spot,Fungal,white powder on leaves,apply fungicide
there is white powder on leaves on my Tomato,Septoria leaf spot,Fungal,white powder on leaves,remove infected leaves
there is brown lesions on leaves on my Tomato,Septoria leaf spot,Fungal,brown lesions on leaves,remove infected leaves
my Tomato has black spots forming on foliage,Septoria leaf spot,Fungal,black spots forming on foliage,remove infected leaves
why does my Tomato have white powder on leaves,Septoria leaf spot,Fungal,white powder on leaves,remove infected leaves
there is brown lesions on leaves on my Tomato,Spider mites Two spotted spider mite,Fungal,brown lesions on leaves,improve airflow
Tomato leaves showing black spots forming on foliage,Spider mites Two spotted spider mite,Fungal,black spots forming on foliage,apply fungicide
Tomato leaves showing white powder on leaves,Spider mites Two spotted spider mite,Fungal,white powder on leaves,apply fungicide
Tomato leaves showing white powder on leaves,Spider mites Two spotted spider mite,Fungal,white powder on leaves,improve airflow
there is white powder on leaves on my Tomato,Spider mites Two spotted spider mite,Fungal,white powder on leaves,apply fungicide
my Tomato has yellowing edges and falling leaves,Spider mites Two spotted spider mite,Fungal,yellowing edges and falling leaves,improve airflow
there is white powder on leaves on my Tomato,Spider mites Two spotted spider mite,Fungal,white powder on leaves,apply fungicide
why does my Tomato have black spots forming on foliage,Spider mites Two spotted spider mite,Fungal,black spots forming on foliage,remove infected leaves
my Tomato has white powder on leaves,Spider mites Two spotted spider mite,Fungal,white powder on leaves,remove infected leaves
Tomato leaves showing black spots forming on foliage,Spider mites Two spotted spider mite,Fungal,black spots forming on foliage,apply fungicide
there is yellowing edges and falling leaves on my Tomato,Target Spot,Fungal,yellowing edges and falling leaves,improve airflow
there is yellowing edges and falling leaves on my Tomato,Target Spot,Fungal,yellowing edges and falling leaves,remove infected leaves
why does my Tomato have yellowing edges and falling leaves,Target Spot,Fungal,yellowing edges and falling leaves,improve airflow
there is black spots forming on foliage on my Tomato,Target Spot,Fungal,black spots forming on foliage,improve airflow
my Tomato has brown lesions on leaves,Target Spot,Fungal,brown lesions on leaves,apply fungicide
there is yellowing edges and falling leaves on my Tomato,Target Spot,Fungal,yellowing edges and falling leaves,remove infected leaves
Tomato leaves showing brown lesions on leaves,Target Spot,Fungal,brown lesions on leaves,remove infected leaves
why does my Tomato have brown lesions on leaves,Target Spot,Fungal,brown lesions on leaves,improve airflow
Tomato leaves showing black spots forming on foliage,Target Spot,Fungal,black spots forming on foliage,improve airflow
my Tomato has white powder on leaves,Target Spot,Fungal,white powder on leaves,apply fungicide
why does my Tomato have mosaic leaf pattern,Tomato Yellow Leaf Curl Virus,Viral,mosaic leaf pattern,remove infected plants
Tomato leaves showing stunted growth,Tomato Yellow Leaf Curl Virus,Viral,stunted growth,remove infected plants
there is leaf curling and yellowing on my Tomato,Tomato Yellow Leaf Curl Virus,Viral,leaf curling and yellowing,use resistant varieties
Tomato leaves showing mosaic leaf pattern,Tomato Yellow Leaf Curl Virus,Viral,mosaic leaf pattern,use resistant varieties
my Tomato has leaf curling and yellowing,Tomato Yellow Leaf Curl Virus,Viral,leaf curling and yellowing,control insect vectors
my Tomato has leaf curling and yellowing,Tomato Yellow Leaf Curl Virus,Viral,leaf curling and yellowing,remove infected plants
my Tomato has mosaic leaf pattern,Tomato Yellow Leaf Curl Virus,Viral,mosaic leaf pattern,remove infected plants
Tomato leaves showing leaf curling and yellowing,Tomato Yellow Leaf Curl Virus,Viral,leaf curling and yellowing,use resistant varieties
Tomato leaves showing stunted growth,Tomato Yellow Leaf Curl Virus,Viral,stunted growth,use resistant varieties
there is stunted growth on my Tomato,Tomato Yellow Leaf Curl Virus,Viral,stunted growth,remove infected plants
my Tomato has stunted growth,Tomato mosaic virus,Viral,stunted growth,use resistant varieties
Tomato leaves showing leaf curling and yellowing,Tomato mosaic virus,Viral,leaf curling and yellowing,control insect vectors
Tomato leaves showing mosaic leaf pattern,Tomato mosaic virus,Viral,mosaic leaf pattern,control insect vectors
there is mosaic leaf pattern on my Tomato,Tomato mosaic virus,Viral,mosaic leaf pattern,use resistant varieties
Tomato leaves showing leaf curling and yellowing,Tomato mosaic virus,Viral,leaf curling and yellowing,remove infected plants
my Tomato has mosaic leaf pattern,Tomato mosaic virus,Viral,mosaic leaf pattern,use resistant varieties
Tomato leaves showing leaf curling and yellowing,Tomato mosaic virus,Viral,leaf curling and yellowing,remove infected plants
Tomato leaves showing stunted growth,Tomato mosaic virus,Viral,stunted growth,use resistant varieties
Tomato leaves showing mosaic leaf pattern,Tomato mosaic virus,Viral,mosaic leaf pattern,remove infected plants
Tomato leaves showing leaf curling and yellowing,Tomato mosaic virus,Viral,leaf curling and yellowing,control insect vectors
there is no visible symptoms on my Tomato,healthy,Healthy,no visible symptoms,no action needed
why does my Tomato have no visible symptoms,healthy,Healthy,no visible symptoms,no action needed
Tomato leaves showing no visible symptoms,healthy,Healthy,no visible symptoms,no action needed
Tomato leaves showing no visible symptoms,healthy,Healthy,no visible symptoms,no action needed
my Tomato has no visible symptoms,healthy,Healthy,no visible symptoms,no action needed
there is no visible symptoms on my Tomato,healthy,Healthy,no visible symptoms,no action needed
my Tomato has no visible symptoms,healthy,Healthy,no visible symptoms,no action needed
Tomato leaves showing no visible symptoms,healthy,Healthy,no visible symptoms,no action needed
there is no visible symptoms on my Tomato,healthy,Healthy,no visible symptoms,no action needed
why does my Tomato have no visible symptoms,healthy,Healthy,no visible symptoms,no action needed
there is white powder on leaves on my Potato,Early blight,Fungal,white powder on leaves,apply fungicide
why does my Potato have yellowing edges and falling leaves,Early blight,Fungal,yellowing edges and falling leaves,improve airflow
my Potato has black spots forming on foliage,Early blight,Fungal,black spots forming on foliage,improve airflow
my Potato has black spots forming on foliage,Early blight,Fungal,black spots forming on foliage,improve airflow
Potato leaves showing brown lesions on leaves,Early blight,Fungal,brown lesions on leaves,apply fungicide
my Potato has white powder on leaves,Early blight,Fungal,white powder on leaves,improve airflow
there is white powder on leaves on my Potato,Early blight,Fungal,white powder on leaves,improve airflow
Potato leaves showing white powder on leaves,Early blight,Fungal,white powder on leaves,improve airflow
Potato leaves showing white powder on leaves,Early blight,Fungal,white powder on leaves,apply fungicide
my Potato has white powder on leaves,Early blight,Fungal,white powder on leaves,improve airflow
why does my Potato have white powder on leaves,Late blight,Fungal,white powder on leaves,apply fungicide
why does my Potato have black spots forming on foliage,Late blight,Fungal,black spots forming on foliage,improve airflow
why does my Potato have brown lesions on leaves,Late blight,Fungal,brown lesions on leaves,improve airflow
Potato leaves showing black spots forming on foliage,Late blight,Fungal,black spots forming on foliage,improve airflow
why does my Potato have brown lesions on leaves,Late blight,Fungal,brown lesions on leaves,improve airflow
there is brown lesions on leaves on my Potato,Late blight,Fungal,brown lesions on leaves,improve airflow
my Potato has yellowing edges and falling leaves,Late blight,Fungal,yellowing edges and falling leaves,apply fungicide
there is yellowing edges and falling leaves on my Potato,Late blight,Fungal,yellowing edges and falling leaves,remove infected leaves
my Potato has white powder on leaves,Late blight,Fungal,white powder on leaves,improve airflow
my Potato has brown lesions on leaves,Late blight,Fungal,brown lesions on leaves,remove infected leaves
Potato leaves showing no visible symptoms,healthy,Healthy,no visible symptoms,no action needed
there is no visible symptoms on my Potato,healthy,Healthy,no visible symptoms,no action needed
my Potato has no visible symptoms,healthy,Healthy,no visible symptoms,no action needed
Potato leaves showing no visible symptoms,healthy,Healthy,no visible symptoms,no action needed
why does my Potato have no visible symptoms,healthy,Healthy,no visible symptoms,no action needed
Potato leaves showing no visible symptoms,healthy,Healthy,no visible symptoms,no action needed
why does my Potato have no visible symptoms,healthy,Healthy,no visible symptoms,no action needed
my Potato has no visible symptoms,healthy,Healthy,no visible symptoms,no action needed
my Potato has no visible symptoms,healthy,Healthy,no visible symptoms,no action needed
why does my Potato have no visible symptoms,healthy,Healthy,no visible symptoms,no action needed
there is brown lesions on leaves on my Corn,Cercospora leaf spot Gray leaf spot,Fungal,brown lesions on leaves,apply fungicide
Corn leaves showing yellowing edges and falling leaves,Cercospora leaf spot Gray leaf spot,Fungal,yellowing edges and falling leaves,remove infected leaves
why does my Corn have white powder on leaves,Cercospora leaf spot Gray leaf spot,Fungal,white powder on leaves,remove infected leaves
Corn leaves showing yellowing edges and falling leaves,Cercospora leaf spot Gray leaf spot,Fungal,yellowing edges and falling leaves,apply fungicide
my Corn has white powder on leaves,Cercospora leaf spot Gray leaf spot,Fungal,white powder on leaves,apply fungicide
my Corn has black spots forming on foliage,Cercospora leaf spot Gray leaf spot,Fungal,black spots forming on foliage,improve airflow
my Corn has black spots forming on foliage,Cercospora leaf spot Gray leaf spot,Fungal,black spots forming on foliage,improve airflow
my Corn has black spots forming on foliage,Cercospora leaf spot Gray leaf spot,Fungal,black spots forming on foliage,improve airflow
my Corn has black spots forming on foliage,Cercospora leaf spot Gray leaf spot,Fungal,black spots forming on foliage,improve airflow
Corn leaves showing white powder on leaves,Cercospora leaf spot Gray leaf spot,Fungal,white powder on leaves,apply fungicide
why does my Corn have white powder on leaves,Common rust,Fungal,white powder on leaves,improve airflow
why does my Corn have yellowing edges and falling leaves,Common rust,Fungal,yellowing edges and falling leaves,remove infected leaves
my Corn has brown lesions on leaves,Common rust,Fungal,brown lesions on leaves,apply fungicide
Corn leaves showing brown lesions on leaves,Common rust,Fungal,brown lesions on leaves,remove infected leaves
there is yellowing edges and falling leaves on my Corn,Common rust,Fungal,yellowing edges and falling leaves,improve airflow
my Corn has brown lesions on leaves,Common rust,Fungal,brown lesions on leaves,remove infected leaves
Corn leaves showing black spots forming on foliage,Common rust,Fungal,black spots forming on foliage,improve airflow
Corn leaves showing yellowing edges and falling leaves,Common rust,Fungal,yellowing edges and falling leaves,improve airflow
why does my Corn have yellowing edges and falling leaves,Common rust,Fungal,yellowing edges and falling leaves,remove infected leaves
there is white powder on leaves on my Corn,Common rust,Fungal,white powder on leaves,improve airflow
there is black spots forming on foliage on my Corn,Northern Leaf Blight,Fungal,black spots forming on foliage,improve airflow
why does my Corn have white powder on leaves,Northern Leaf Blight,Fungal,white powder on leaves,improve airflow
Corn leaves showing black spots forming on foliage,Northern Leaf Blight,Fungal,black spots forming on foliage,apply fungicide
why does my Corn have brown lesions on leaves,Northern Leaf Blight,Fungal,brown lesions on leaves,improve airflow
why does my Corn have brown lesions on leaves,Northern Leaf Blight,Fungal,brown lesions on leaves,improve airflow
why does my Corn have brown lesions on leaves,Northern Leaf Blight,Fungal,brown lesions on leaves,improve airflow
why does my Corn have yellowing edges and falling leaves,Northern Leaf Blight,Fungal,yellowing edges and falling leaves,improve airflow
Corn leaves showing white powder on leaves,Northern Leaf Blight,Fungal,white powder on leaves,improve airflow
why does my Corn have brown lesions on leaves,Northern Leaf Blight,Fungal,brown lesions on leaves,remove infected leaves
there is brown lesions on leaves on my Corn,Northern Leaf Blight,Fungal,brown lesions on leaves,improve airflow
why does my Corn have no visible symptoms,healthy,Healthy,no visible symptoms,no action needed
why does my Corn have no visible symptoms,healthy,Healthy,no visible symptoms,no action needed
my Corn has no visible symptoms,healthy,Healthy,no visible symptoms,no action needed
there is no visible symptoms on my Corn,healthy,Healthy,no visible symptoms,no action needed
Corn leaves showing no visible symptoms,healthy,Healthy,no visible symptoms,no action needed
why does my Corn have no visible symptoms,healthy,Healthy,no visible symptoms,no action needed
Corn leaves showing no visible symptoms,healthy,Healthy,no visible symptoms,no action needed
Corn leaves showing no visible symptoms,healthy,Healthy,no visible symptoms,no action needed
my Corn has no visible symptoms,healthy,Healthy,no visible symptoms,no action needed
my Corn has no visible symptoms,healthy,Healthy,no visible symptoms,no action needed
my Apple has white powder on leaves,Apple scab,Fungal,white powder on leaves,remove infected leaves
why does my Apple have white powder on leaves,Apple scab,Fungal,white powder on leaves,apply fungicide
there is black spots forming on foliage on my Apple,Apple scab,Fungal,black spots forming on foliage,remove infected leaves
Apple leaves showing white powder on leaves,Apple scab,Fungal,white powder on leaves,improve airflow
Apple leaves showing yellowing edges and falling leaves,Apple scab,Fungal,yellowing edges and falling leaves,apply fungicide
my Apple has white powder on leaves,Apple scab,Fungal,white powder on leaves,remove infected leaves
why does my Apple have brown lesions on leaves,Apple scab,Fungal,brown lesions on leaves,apply fungicide
there is black spots forming on foliage on my Apple,Apple scab,Fungal,black spots forming on foliage,remove infected leaves
my Apple has black spots forming on foliage,Apple scab,Fungal,black spots forming on foliage,apply fungicide
Apple leaves showing yellowing edges and falling leaves,Apple scab,Fungal,yellowing edges and falling leaves,improve airflow
my Apple has black spots forming on foliage,Black rot,Fungal,black spots forming on foliage,apply fungicide
my Apple has black spots forming on foliage,Black rot,Fungal,black spots forming on foliage,apply fungicide
Apple leaves showing white powder on leaves,Black rot,Fungal,white powder on leaves,remove infected leaves
there is brown lesions on leaves on my Apple,Black rot,Fungal,brown lesions on leaves,remove infected leaves
Apple leaves showing white powder on leaves,Black rot,Fungal,white powder on leaves,remove infected leaves
why does my Apple have white powder on leaves,Black rot,Fungal,white powder on leaves,improve airflow
my Apple has brown lesions on leaves,Black rot,Fungal,brown lesions on leaves,apply fungicide
my Apple has yellowing edges and falling leaves,Black rot,Fungal,yellowing edges and falling leaves,apply fungicide
there is brown lesions on leaves on my Apple,Black rot,Fungal,brown lesions on leaves,remove infected leaves
there is yellowing edges and falling leaves on my Apple,Black rot,Fungal,yellowing edges and falling leaves,apply fungicide
why does my Apple have brown lesions on leaves,Cedar apple rust,Fungal,brown lesions on leaves,improve airflow
Apple leaves showing brown lesions on leaves,Cedar apple rust,Fungal,brown lesions on leaves,remove infected leaves
Apple leaves showing black spots forming on foliage,Cedar apple rust,Fungal,black spots forming on foliage,improve airflow
Apple leaves showing white powder on leaves,Cedar apple rust,Fungal,white powder on leaves,apply fungicide
Apple leaves showing white powder on leaves,Cedar apple rust,Fungal,white powder on leaves,apply fungicide
my Apple has white powder on leaves,Cedar apple rust,Fungal,white powder on leaves,apply fungicide
there is brown lesions on leaves on my Apple,Cedar apple rust,Fungal,brown lesions on leaves,apply fungicide
there is brown lesions on leaves on my Apple,Cedar apple rust,Fungal,brown lesions on leaves,improve airflow
my Apple has yellowing edges and falling leaves,Cedar apple rust,Fungal,yellowing edges and falling leaves,improve airflow
my Apple has brown lesions on leaves,Cedar apple rust,Fungal,brown lesions on leaves,improve airflow
my Apple has no visible symptoms,healthy,Healthy,no visible symptoms,no action needed
my Apple has no visible symptoms,healthy,Healthy,no visible symptoms,no action needed
why does my Apple have no visible symptoms,healthy,Healthy,no visible symptoms,no action needed
there is no visible symptoms on my Apple,healthy,Healthy,no visible symptoms,no action needed
Apple leaves showing no visible symptoms,healthy,Healthy,no visible symptoms,no action needed
Apple leaves showing no visible symptoms,healthy,Healthy,no visible symptoms,no action needed
my Apple has no visible symptoms,healthy,Healthy,no visible symptoms,no action needed
there is no visible symptoms on my Apple,healthy,Healthy,no visible symptoms,no action needed
my Apple has no visible symptoms,healthy,Healthy,no visible symptoms,no action needed
my Apple has no visible symptoms,healthy,Healthy,no visible symptoms,no action needed
Grape leaves showing yellowing edges and falling leaves,Black rot,Fungal,yellowing edges and falling leaves,improve airflow
Grape leaves showing black spots forming on foliage,Black rot,Fungal,black spots forming on foliage,remove infected leaves
my Grape has white powder on leaves,Black rot,Fungal,white powder on leaves,improve airflow
my Grape has black spots forming on foliage,Black rot,Fungal,black spots forming on foliage,remove infected leaves
why does my Grape have black spots forming on foliage,Black rot,Fungal,black spots forming on foliage,remove infected leaves
Grape leaves showing brown lesions on leaves,Black rot,Fungal,brown lesions on leaves,apply fungicide
Grape leaves showing white powder on leaves,Black rot,Fungal,white powder on leaves,improve airflow
my Grape has white powder on leaves,Black rot,Fungal,white powder on leaves,remove infected leaves
my Grape has white powder on leaves,Black rot,Fungal,white powder on leaves,remove infected leaves
there is white powder on leaves on my Grape,Black rot,Fungal,white powder on leaves,apply fungicide
Grape leaves showing brown lesions on leaves,Esca Black Measles,Fungal,brown lesions on leaves,apply fungicide
why does my Grape have yellowing edges and falling leaves,Esca Black Measles,Fungal,yellowing edges and falling leaves,apply fungicide
Grape leaves showing yellowing edges and falling leaves,Esca Black Measles,Fungal,yellowing edges and falling leaves,apply fungicide
Grape leaves showing black spots forming on foliage,Esca Black Measles,Fungal,black spots forming on foliage,improve airflow
there is white powder on leaves on my Grape,Esca Black Measles,Fungal,white powder on leaves,improve airflow
why does my Grape have brown lesions on leaves,Esca Black Measles,Fungal,brown lesions on leaves,improve airflow
why does my Grape have yellowing edges and falling leaves,Esca Black Measles,Fungal,yellowing edges and falling leaves,remove infected leaves
there is white powder on leaves on my Grape,Esca Black Measles,Fungal,white powder on leaves,remove infected leaves
there is black spots forming on foliage on my Grape,Esca Black Measles,Fungal,black spots forming on foliage,remove infected leaves
why does my Grape have yellowing edges and falling leaves,Esca Black Measles,Fungal,yellowing edges and falling leaves,remove infected leaves
why does my Grape have brown lesions on leaves,Leaf blight Isariopsis Leaf Spot,Fungal,brown lesions on leaves,remove infected leaves
there is brown lesions on leaves on my Grape,Leaf blight Isariopsis Leaf Spot,Fungal,brown lesions on leaves,improve airflow
Grape leaves showing yellowing edges and falling leaves,Leaf blight Isariopsis Leaf Spot,Fungal,yellowing edges and falling leaves,improve airflow
my Grape has black spots forming on foliage,Leaf blight Isariopsis Leaf Spot,Fungal,black spots forming on foliage,improve airflow
my Grape has white powder on leaves,Leaf blight Isariopsis Leaf Spot,Fungal,white powder on leaves,remove infected leaves
Grape leaves showing brown lesions on leaves,Leaf blight Isariopsis Leaf Spot,Fungal,brown lesions on leaves,improve airflow
there is black spots forming on foliage on my Grape,Leaf blight Isariopsis Leaf Spot,Fungal,black spots forming on foliage,improve airflow
Grape leaves showing white powder on leaves,Leaf blight Isariopsis Leaf Spot,Fungal,white powder on leaves,improve airflow
there is brown lesions on leaves on my Grape,Leaf blight Isariopsis Leaf Spot,Fungal,brown lesions on leaves,remove infected leaves
my Grape has black spots forming on foliage,Leaf blight Isariopsis Leaf Spot,Fungal,black spots forming on foliage,apply fungicide
why does my Grape have no visible symptoms,healthy,Healthy,no visible symptoms,no action needed
my Grape has no visible symptoms,healthy,Healthy,no visible symptoms,no action needed
my Grape has no visible symptoms,healthy,Healthy,no visible symptoms,no action needed
there is no visible symptoms on my Grape,healthy,Healthy,no visible symptoms,no action needed
my Grape has no visible symptoms,healthy,Healthy,no visible symptoms,no action needed
Grape leaves showing no visible symptoms,healthy,Healthy,no visible symptoms,no action needed
there is no visible symptoms on my Grape,healthy,Healthy,no visible symptoms,no action needed
Grape leaves showing no visible symptoms,healthy,Healthy,no visible symptoms,no action needed
why does my Grape have no visible symptoms,healthy,Healthy,no visible symptoms,no action needed
my Grape has no visible symptoms,healthy,Healthy,no visible symptoms,no action needed
there is black spots forming on foliage on my Peach,Bacterial spot,Fungal,black spots forming on foliage,remove infected leaves
Peach leaves showing black spots forming on foliage,Bacterial spot,Fungal,black spots forming on foliage,apply fungicide
there is brown lesions on leaves on my Peach,Bacterial spot,Fungal,brown lesions on leaves,apply fungicide
there is brown lesions on leaves on my Peach,Bacterial spot,Fungal,brown lesions on leaves,apply fungicide
why does my Peach have brown lesions on leaves,Bacterial spot,Fungal,brown lesions on leaves,remove infected leaves
my Peach has yellowing edges and falling leaves,Bacterial spot,Fungal,yellowing edges and falling leaves,apply fungicide
why does my Peach have black spots forming on foliage,Bacterial spot,Fungal,black spots forming on foliage,apply fungicide
Peach leaves showing black spots forming on foliage,Bacterial spot,Fungal,black spots forming on foliage,remove infected leaves
there is white powder on leaves on my Peach,Bacterial spot,Fungal,white powder on leaves,apply fungicide
Peach leaves showing black spots forming on foliage,Bacterial spot,Fungal,black spots forming on foliage,improve airflow
there is no visible symptoms on my Peach,healthy,Healthy,no visible symptoms,no action needed
Peach leaves showing no visible symptoms,healthy,Healthy,no visible symptoms,no action needed
my Peach has no visible symptoms,healthy,Healthy,no visible symptoms,no action needed
there is no visible symptoms on my Peach,healthy,Healthy,no visible symptoms,no action needed
there is no visible symptoms on my Peach,healthy,Healthy,no visible symptoms,no action needed
my Peach has no visible symptoms,healthy,Healthy,no visible symptoms,no action needed
there is no visible symptoms on my Peach,healthy,Healthy,no visible symptoms,no action needed
my Peach has no visible symptoms,healthy,Healthy,no visible symptoms,no action needed
Peach leaves showing no visible symptoms,healthy,Healthy,no visible symptoms,no action needed
there is no visible symptoms on my Peach,healthy,Healthy,no visible symptoms,no action needed
Pepper bell leaves showing brown lesions on leaves,Bacterial spot,Fungal,brown lesions on leaves,improve airflow
why does my Pepper bell have brown lesions on leaves,Bacterial spot,Fungal,brown lesions on leaves,apply fungicide
there is yellowing edges and falling leaves on my Pepper bell,Bacterial spot,Fungal,yellowing edges and falling leaves,remove infected leaves
my Pepper bell has yellowing edges and falling leaves,Bacterial spot,Fungal,yellowing edges and falling leaves,improve airflow
there is black spots forming on foliage on my Pepper bell,Bacterial spot,Fungal,black spots forming on foliage,improve airflow
why does my Pepper bell have brown lesions on leaves,Bacterial spot,Fungal,brown lesions on leaves,improve airflow
why does my Pepper bell have black spots forming on foliage,Bacterial spot,Fungal,black spots forming on foliage,improve airflow
my Pepper bell has black spots forming on foliage,Bacterial spot,Fungal,black spots forming on foliage,improve airflow
why does my Pepper bell have yellowing edges and falling leaves,Bacterial spot,Fungal,yellowing edges and falling leaves,apply fungicide
there is black spots forming on foliage on my Pepper bell,Bacterial spot,Fungal,black spots forming on foliage,remove infected leaves
why does my Pepper bell have no visible symptoms,healthy,Healthy,no visible symptoms,no action needed
there is no visible symptoms on my Pepper bell,healthy,Healthy,no visible symptoms,no action needed
why does my Pepper bell have no visible symptoms,healthy,Healthy,no visible symptoms,no action needed
my Pepper bell has no visible symptoms,healthy,Healthy,no visible symptoms,no action needed
why does my Pepper bell have no visible symptoms,healthy,Healthy,no visible symptoms,no action needed
Pepper bell leaves showing no visible symptoms,healthy,Healthy,no visible symptoms,no action needed
my Pepper bell has no visible symptoms,healthy,Healthy,no visible symptoms,no action needed
there is no visible symptoms on my Pepper bell,healthy,Healthy,no visible symptoms,no action needed
Pepper bell leaves showing no visible symptoms,healthy,Healthy,no visible symptoms,no action needed
my Pepper bell has no visible symptoms,healthy,Healthy,no visible symptoms,no action needed
Strawberry leaves showing yellowing edges and falling leaves,Leaf scorch,Fungal,yellowing edges and falling leaves,improve airflow
Strawberry leaves showing white powder on leaves,Leaf scorch,Fungal,white powder on leaves,improve airflow
there is brown lesions on leaves on my Strawberry,Leaf scorch,Fungal,brown lesions on leaves,improve airflow
Strawberry leaves showing yellowing edges and falling leaves,Leaf scorch,Fungal,yellowing edges and falling leaves,improve airflow
Strawberry leaves showing brown lesions on leaves,Leaf scorch,Fungal,brown lesions on leaves,improve airflow
Strawberry leaves showing brown lesions on leaves,Leaf scorch,Fungal,brown lesions on leaves,remove infected leaves
Strawberry leaves showing black spots forming on foliage,Leaf scorch,Fungal,black spots forming on foliage,remove infected leaves
my Strawberry has yellowing edges and falling leaves,Leaf scorch,Fungal,yellowing edges and falling leaves,apply fungicide
my Strawberry has black spots forming on foliage,Leaf scorch,Fungal,black spots forming on foliage,remove infected leaves
there is black spots forming on foliage on my Strawberry,Leaf scorch,Fungal,black spots forming on foliage,improve airflow
there is no visible symptoms on my Strawberry,healthy,Healthy,no visible symptoms,no action needed
there is no visible symptoms on my Strawberry,healthy,Healthy,no visible symptoms,no action needed
Strawberry leaves showing no visible symptoms,healthy,Healthy,no visible symptoms,no action needed
there is no visible symptoms on my Strawberry,healthy,Healthy,no visible symptoms,no action needed
Strawberry leaves showing no visible symptoms,healthy,Healthy,no visible symptoms,no action needed
there is no visible symptoms on my Strawberry,healthy,Healthy,no visible symptoms,no action needed
Strawberry leaves showing no visible symptoms,healthy,Healthy,no visible symptoms,no action needed
Strawberry leaves showing no visible symptoms,healthy,Healthy,no visible symptoms,no action needed
there is no visible symptoms on my Strawberry,healthy,Healthy,no visible symptoms,no action needed
my Strawberry has no visible symptoms,healthy,Healthy,no visible symptoms,no action needed
Orange leaves showing white powder on leaves,Haunglongbing Citrus greening,Fungal,white powder on leaves,apply fungicide
Orange leaves showing brown lesions on leaves,Haunglongbing Citrus greening,Fungal,brown lesions on leaves,improve airflow
there is white powder on leaves on my Orange,Haunglongbing Citrus greening,Fungal,white powder on leaves,improve airflow
Orange leaves showing black spots forming on foliage,Haunglongbing Citrus greening,Fungal,black spots forming on foliage,remove infected leaves
Orange leaves showing white powder on leaves,Haunglongbing Citrus greening,Fungal,white powder on leaves,remove infected leaves
Orange leaves showing black spots forming on foliage,Haunglongbing Citrus greening,Fungal,black spots forming on foliage,remove infected leaves
my Orange has brown lesions on leaves,Haunglongbing Citrus greening,Fungal,brown lesions on leaves,improve airflow
Orange leaves showing black spots forming on foliage,Haunglongbing Citrus greening,Fungal,black spots forming on foliage,apply fungicide
Orange leaves showing white powder on leaves,Haunglongbing Citrus greening,Fungal,white powder on leaves,improve airflow
Orange leaves showing yellowing edges and falling leaves,Haunglongbing Citrus greening,Fungal,yellowing edges and falling leaves,apply fungicide
Soybean leaves showing no visible symptoms,healthy,Healthy,no visible symptoms,no action needed
my Soybean has no visible symptoms,healthy,Healthy,no visible symptoms,no action needed
there is no visible symptoms on my Soybean,healthy,Healthy,no visible symptoms,no action needed
there is no visible symptoms on my Soybean,healthy,Healthy,no visible symptoms,no action needed
my Soybean has no visible symptoms,healthy,Healthy,no visible symptoms,no action needed
there is no visible symptoms on my Soybean,healthy,Healthy,no visible symptoms,no action needed
my Soybean has no visible symptoms,healthy,Healthy,no visible symptoms,no action needed
why does my Soybean have no visible symptoms,healthy,Healthy,no visible symptoms,no action needed
my Soybean has no visible symptoms,healthy,Healthy,no visible symptoms,no action needed
my Soybean has no visible symptoms,healthy,Healthy,no visible symptoms,no action needed
there is black spots forming on foliage on my Squash,Powdery mildew,Fungal,black spots forming on foliage,remove infected leaves
my Squash has yellowing edges and falling leaves,Powdery mildew,Fungal,yellowing edges and falling leaves,apply fungicide
there is brown lesions on leaves on my Squash,Powdery mildew,Fungal,brown lesions on leaves,improve airflow
why does my Squash have black spots forming on foliage,Powdery mildew,Fungal,black spots forming on foliage,apply fungicide
why does my Squash have white powder on leaves,Powdery mildew,Fungal,white powder on leaves,apply fungicide
why does my Squash have yellowing edges and falling leaves,Powdery mildew,Fungal,yellowing edges and falling leaves,apply fungicide
there is white powder on leaves on my Squash,Powdery mildew,Fungal,white powder on leaves,improve airflow
Squash leaves showing yellowing edges and falling leaves,Powdery mildew,Fungal,yellowing edges and falling leaves,improve airflow
Squash leaves showing brown lesions on leaves,Powdery mildew,Fungal,brown lesions on leaves,apply fungicide
my Squash has brown lesions on leaves,Powdery mildew,Fungal,brown lesions on leaves,apply fungicide
there is no visible symptoms on my Raspberry,healthy,Healthy,no visible symptoms,no action needed
there is no visible symptoms on my Raspberry,healthy,Healthy,no visible symptoms,no action needed
Raspberry leaves showing no visible symptoms,healthy,Healthy,no visible symptoms,no action needed
my Raspberry has no visible symptoms,healthy,Healthy,no visible symptoms,no action needed
Raspberry leaves showing no visible symptoms,healthy,Healthy,no visible symptoms,no action needed
why does my Raspberry have no visible symptoms,healthy,Healthy,no visible symptoms,no action needed
Raspberry leaves showing no visible symptoms,healthy,Healthy,no visible symptoms,no action needed
why does my Raspberry have no visible symptoms,healthy,Healthy,no visible symptoms,no action needed
why does my Raspberry have no visible symptoms,healthy,Healthy,no visible symptoms,no action needed
why does my Raspberry have no visible symptoms,healthy,Healthy,no visible symptoms,no action needed
